<?xml version="1.0" encoding="utf-8"?>

<language>
	<string english = "ok" translation = "ok" />
	<string english = "cancel" translation = "cancel" />
	<string english = "yes" translation = "yes" />
	<string english = "no" translation = "no" />
	<string english = "really quit?" translation = "really quit?" />
	<string english = "continue" translation = "continue" />

	<string english = "online game" translation = "online game" />
	<string english = "lan game" translation = "lan game" />
	<string english = "start" translation = "start" />
	<string english = "options" translation = "options" />
	<string english = "watch replay" translation = "watch replay" />
	<string english = "credits" translation = "credits" />
	<string english = "exit" translation = "exit" />
	
	<string english = "programmers:" translation = "programmers:" />
	<string english = "graphics:" translation = "graphics:" />
	<string english = "special thanks at:" translation = "special thanks at:" />

	<string english = "show again" translation = "show again" />
	<string english = "play" translation = "play" />
	<string english = "delete" translation = "delete" />
	<string english = "info" translation = "info" />
	<string english = "duration:" translation = "duration:" />
	<string english = "result:" translation = "result:" />
	<string english = "checksum error" translation = "checksum error" />
	<string english = "file is corrupt" translation = "file is corrupt" />
	<string english = "version error" translation = "version error" />
	<string english = "file is outdated" translation = "file is outdated" />
	<string english = "receiving replay..." translation = "receiving replay..." />
	<string english = "name of the replay:" translation = "name of the replay:" />
	<string english = "save replay" translation = "save replay" />
	
	<string english = "has won the game!" translation = "has won the game!" />
	<string english = "try again" translation = "try again" />
	<string english = "waiting for opponent..." translation = "waiting for opponent..." />
	<string english = "opponent left the game" translation = "opponent left the game" />
	<string english = "game paused" translation = "game paused" />
	<string english = "quit" translation = "quit" />
	
	<string english = "scan for servers" translation = "scan for servers" />
	<string english = "direct connect" translation = "direct connect" />
	<string english = "server info" translation = "server info" />
	<string english = "waiting player: " translation = "waiting player: " />
	<string english = "host game" translation = "host game" />
	<string english = "connecting to server ..." translation = "connecting to server ..." />
	<string english = "disconnected from server" translation = "disconnected from server" />
	<string english = "connection failed" translation = "connection failed" />
	<string english = "server full" translation = "server full" />
	<string english = " by " translation = " by " />
	<string english = "challenger: " translation = "challenger: " />
	<string english = "games: " translation = "games: " />
	<string english = "random" translation = "random" />
	<string english = "rules: " translation = "rules: " />
	<string english = "speed: " translation = "speed: " />
	<string english = "stay on server" translation = "stay on server" />

	<string english = "touch input type:" translation = "touch input type:" />
	<string english = "arrow keys" translation = "arrow keys" />
	<string english = "blobby follows finger" translation = "blobby follows finger" />
	<string english = "input options" translation = "input options" />
	<string english = "graphic options" translation = "graphic options" />
	<string english = "misc options" translation = "misc options" />
	<string english = "video settings" translation = "video settings" />
	<string english = "fullscreen mode" translation = "fullscreen mode" />
	<string english = "window mode" translation = "window mode" />
	<string english = "render device" translation = "render device" />
	<string english = "show shadow" translation = "show shadow" />
	<string english = "blob colors" translation = "blob colors" />
	<string english = "left player" translation = "left player" />
	<string english = "right player" translation = "right player" />
	
	<string english = "red" translation = "red" />
	<string english = "green" translation = "green" />
	<string english = "blue" translation = "blue" />
	<string english = "morphing blob?" translation = "morphing blob?" />
	<string english = "keyboard" translation = "keyboard" />
	<string english = "mouse" translation = "mouse" />
	<string english = "joystick" translation = "joystick" />
	<string english = "jump button" translation = "jump button" />
	<string english = "set all" translation = "set all" />
	<string english = "left key" translation = "left key" />
	<string english = "right key" translation = "right key" />
	<string english = "jump key" translation = "jump key" />
	<string english = "left button" translation = "left button" />
	<string english = "right button" translation = "right button" />
	<string english = "press mouse button for" translation = "press mouse button for" />
	<string english = "press key for" translation = "press key for" />
	<string english = "moving left" translation = "moving left" />
	<string english = "moving right" translation = "moving right" />
	<string english = "jumping" translation = "jumping" />
	<string english = "press button for" translation = "press button for" />
	<string english = "background:" translation = "background:" />
	<string english = "volume:" translation = "volume:" />
	<string english = "mute" translation = "mute" />
	<string english = "show fps" translation = "show fps" />
	<string english = "show blood" translation = "show blood" />
	<string english = "network side:" translation = "network side:" />
	<string english = "left" translation = "left" />
	<string english = "right" translation = "right" />
	<string english = "gamespeed:" translation = "gamespeed:" />
	<string english = "very slow" translation = "very slow" />
	<string english = "slow" translation = "slow" />
	<string english = "default" translation = "default" />
	<string english = "fast" translation = "fast" />
	<string english = "very fast" translation = "very fast" />
	<string english = "language" translation = "language" />
	<string english = "bot strength" translation = "bot strength" />
	<string english = "weak" translation = "weak" />
	<string english = "medium" translation = "medium" />
	<string english = "strong" translation = "strong" />
	<string english = "rules:" translation = "rules:" />
	
	<string english = "please visit http://blobby.sourceforge.net/ for a new version of blobby volley" translation = "please visit http://blobby.sourceforge.net/ for a new version of blobby volley" />
</language>
