<?xml version="1.0" encoding="utf-8"?>

<userconfig>
	<var name="device" value="SDL"/>
	<var name="fullscreen" value="false"/>
	<var name="left_blobby_color_r" value="0"/>
	<var name="left_blobby_color_g" value="0"/>
	<var name="left_blobby_color_b" value="255"/>
	<var name="left_blobby_oscillate" value="false"/>
	<var name="right_blobby_color_r" value="255"/>
	<var name="right_blobby_color_g" value="0"/>
	<var name="right_blobby_color_b" value="0"/>
	<var name="right_blobby_oscillate" value="false"/>
	<var name="show_shadow" value="false"/>
	<var name="left_script_name" value="nn_0098"/>
	<var name="right_script_name" value="last_best"/>
	<var name="left_player_human" value="false"/>
	<var name="right_player_human" value="false"/>
	<var name="left_player_name" value="Left Player"/>
	<var name="right_player_name" value="Right Player"/>
	<var name="gamefps" value="750"/>
	<var name="global_volume" value="1.000000"/>
	<var name="mute" value="true"/>
	<var name="scoretowin" value="21"/>
	<var name="showfps" value="true"/>
	<var name="blood" value="false"/>
	<var name="background" value="strand2.bmp"/>
	<var name="network_side" value="1"/>
	<var name="use_remote_color" value="true"/>
	<var name="language" value="en"/>
	<var name="left_script_strength" value="0"/>
	<var name="right_script_strength" value="0"/>
	<var name="additional_network_server" value="0.0.0.0"/>
	<var name="rules" value="simple.lua"/>
</userconfig>
